category,Apr,Aug,Dec,Feb,Jan,Jul,Jun,Mar,May,Nov,Oct,Sep,Total
Books,45129.56,54917.0,46637.3,39734.84,48669.81,43222.42,46761.45,51552.149999999994,42358.91,41362.17,54745.240000000005,52236.590000000004,567327.4400000001
Clothing,47281.06,44945.81,50935.21,45917.39,43427.96,49811.72,48379.55,51075.45,47205.7,38898.8,56004.38,39565.58,563448.61
Electronics,83828.24,61527.11,93053.08,109514.5,103891.04999999999,83000.44,88442.64,96196.48,57029.38,71513.86,90947.48000000001,80794.55,1019738.8099999999
Home & Garden,37129.1,23605.84,23422.46,37989.8,20240.69,26901.18,21724.15,31683.29,33082.520000000004,19132.02,31563.33,37363.95,343838.33
Sports,72116.64,76411.47,81590.70999999999,73587.56999999999,69525.06999999999,69170.36,78345.12,76902.96,73927.58,75689.93,79784.93000000001,82081.52,909133.86
